{
  "iterations": 100000,
  "structure": {
    "lattice": [
      [
        6.5505521041943755,
        0.0,
        0.07660372206784691
      ],
      [
        0.0757131376322081,
        6.550114532628818,
        0.07660372206784691
      ],
      [
        0.0,
        0.0,
        6.551
      ]
    ],
    "coords": [
      [
        0.4383,
        0.7727,
        0.5841
      ],
      [
        0.5841,
        0.4383,
        0.7727
      ],
      [
        0.7727,
        0.5841,
        0.4383
      ],
      [
        0.5617,
        0.2273,
        0.4159
      ],
      [
        0.4159,
        0.5617,
        0.2273
      ],
      [
        0.2273,
        0.4159,
        0.5617
      ],
      [
        0.0,
        0.0,
        0.0
      ],
      [
        0.2571,
        0.6168,
        0.8744
      ],
      [
        0.8744,
        0.2571,
        0.6168
      ],
      [
        0.6168,
        0.8744,
        0.2571
      ],
      [
        0.7429,
        0.3832,
        0.1256
      ],
      [
        0.1256,
        0.7429,
        0.3832
      ],
      [
        0.3832,
        0.1256,
        0.7429
      ],
      [
        0.7576,
        0.7576,
        0.7576
      ],
      [
        0.2424,
        0.2424,
        0.2424
      ]
    ],
    "species": [
      "Mo",
      "Mo",
      "Mo",
      "Mo",
      "Mo",
      "Mo",
      "H",
      "S",
      "S",
      "S",
      "S",
      "S",
      "S",
      "He",
      "Li"
    ],
    "supercell": [
      5,
      5,
      4
    ]
  },
  "composition": [
    {
      "sites": "H",
      "Pb": 92,
      "0": 8
    },
    {
      "sites": "He",
      "S": 75,
      "0": 25
    },
    {
      "sites": "Li",
      "S": 75,
      "0": 25
    }
  ],
  "sublattice_mode": "split"
}