actual_rank,model_rank,success,supercell_l,supercell_w,supercell_h,size,rss,model_score,objective_q,objective_raw
1,1,True,5,5,4,100,0.0,5.818098215374474,1.4,1.42073731884058
3,2,True,10,10,9,900,0.0,1.6480964901670916,2.6,2.5815567690558368
2,3,True,10,10,10,1000,0.0,0.6559225251788634,2.3,2.345806219545352
3,4,True,8,5,5,200,0.0,0.5583702268224846,2.6,2.558513285024157
5,5,True,10,10,7,700,0.0,0.40809216752716615,2.9,2.937647801293968
