{
  "iterations": 100000,
  "structure": {
    "lattice": [
      [
        7.4116,
        0.0,
        4.538296108280262e-16
      ],
      [
        -3.705799999999999,
        6.418633882688746,
        4.538296108280262e-16
      ],
      [
        0.0,
        0.0,
        7.5981
      ]
    ],
    "coords": [
      [
        0.0,
        0.0,
        0.5
      ],
      [
        0.0,
        0.0,
        0.0
      ],
      [
        0.5167,
        0.5167,
        0.25
      ],
      [
        0.4833,
        0.0,
        0.25
      ],
      [
        0.0,
        0.4833,
        0.25
      ],
      [
        0.4833,
        0.4833,
        0.75
      ],
      [
        0.5167,
        0.0,
        0.75
      ],
      [
        0.0,
        0.5167,
        0.75
      ],
      [
        0.578,
        0.791,
        0.25
      ],
      [
        0.209,
        0.787,
        0.25
      ],
      [
        0.213,
        0.422,
        0.25
      ],
      [
        0.791,
        0.578,
        0.25
      ],
      [
        0.787,
        0.209,
        0.25
      ],
      [
        0.422,
        0.213,
        0.25
      ],
      [
        0.422,
        0.209,
        0.75
      ],
      [
        0.791,
        0.213,
        0.75
      ],
      [
        0.787,
        0.578,
        0.75
      ],
      [
        0.209,
        0.422,
        0.75
      ],
      [
        0.213,
        0.791,
        0.75
      ],
      [
        0.578,
        0.787,
        0.75
      ],
      [
        0.513,
        0.513,
        0.5
      ],
      [
        0.487,
        0.0,
        0.5
      ],
      [
        0.0,
        0.487,
        0.5
      ],
      [
        0.487,
        0.487,
        0.5
      ],
      [
        0.513,
        0.0,
        0.5
      ],
      [
        0.0,
        0.513,
        0.5
      ],
      [
        0.487,
        0.487,
        0.0
      ],
      [
        0.513,
        0.0,
        0.0
      ],
      [
        0.0,
        0.513,
        0.0
      ],
      [
        0.513,
        0.513,
        0.0
      ],
      [
        0.487,
        0.0,
        0.0
      ],
      [
        0.0,
        0.487,
        0.0
      ]
    ],
    "species": [
      "H",
      "He",
      "W",
      "W",
      "W",
      "W",
      "W",
      "W",
      "O",
      "O",
      "O",
      "O",
      "O",
      "O",
      "O",
      "O",
      "O",
      "O",
      "O",
      "O",
      "Li",
      "Be",
      "B",
      "C",
      "N",
      "F",
      "Ne",
      "Na",
      "Mg",
      "Al",
      "Si",
      "P"
    ],
    "supercell": [
      5,
      5,
      4
    ]
  },
  "composition": [
    {
      "sites": "H",
      "Cs": 97,
      "0": 3
    },
    {
      "sites": "He",
      "Cs": 97,
      "0": 3
    },
    {
      "sites": "Li",
      "O": 50,
      "0": 50
    },
    {
      "sites": "Be",
      "O": 50,
      "0": 50
    },
    {
      "sites": "B",
      "O": 50,
      "0": 50
    },
    {
      "sites": "C",
      "O": 50,
      "0": 50
    },
    {
      "sites": "N",
      "O": 50,
      "0": 50
    },
    {
      "sites": "F",
      "O": 50,
      "0": 50
    },
    {
      "sites": "Ne",
      "O": 50,
      "0": 50
    },
    {
      "sites": "Na",
      "O": 50,
      "0": 50
    },
    {
      "sites": "Mg",
      "O": 50,
      "0": 50
    },
    {
      "sites": "Al",
      "O": 50,
      "0": 50
    },
    {
      "sites": "Si",
      "O": 50,
      "0": 50
    },
    {
      "sites": "P",
      "O": 50,
      "0": 50
    }
  ],
  "sublattice_mode": "split"
}