{
  "iterations": 100000,
  "structure": {
    "lattice": [
      [
        3.6,
        0.0,
        2.2043642384652358e-16
      ],
      [
        5.789241538835891e-16,
        3.6,
        2.2043642384652358e-16
      ],
      [
        0.0,
        0.0,
        3.6
      ]
    ],
    "coords": [
      [
        0.0,
        0.5,
        0.5
      ],
      [
        0.0,
        0.0,
        0.0
      ]
    ],
    "species": [
      "H",
      "He"
    ],
    "supercell": [
      5,
      5,
      4
    ]
  },
  "composition": [
    {
      "sites": "H",
      "Fe": 25,
      "0": 75
    },
    {
      "sites": "He",
      "Fe": 75,
      "0": 25
    }
  ],
  "sublattice_mode": "split"
}