{
  "iterations": 100000,
  "structure": {
    "lattice": [
      [
        3.0,
        0.0,
        1.8369701987210297e-16
      ],
      [
        4.82436794902991e-16,
        3.0,
        1.8369701987210297e-16
      ],
      [
        0.0,
        0.0,
        3.0
      ]
    ],
    "coords": [
      [
        0.5,
        0.5,
        0.5
      ]
    ],
    "species": [
      "H"
    ],
    "supercell": [
      4,
      4,
      3
    ]
  },
  "composition": [
    {
      "sites": "H",
      "Fe": 24,
      "Co": 24
    }
  ],
  "sublattice_mode": "split"
}